Area,Sale Price,#Beds,#FBaths,SqFt LA,Pool YN,Waterfront Property (Y/N)
3113,5000000,0.4166666666666670,0.3333333333333330,0.20036438381762100,1,1
41,2680000,0.3333333333333330,0.26666666666666700,0.1145473231804170,1,0
60,700000,0.3333333333333330,0.2,0.09002148930206480,0,0
60,700000,0.3333333333333330,0.2,0.09002148930206480,0,0
22,4500000,0.4166666666666670,0.3333333333333330,0.17032607680089700,1,1
32,21000000,0.4166666666666670,0.3333333333333330,0.31094085770344800,1,1
22,4382479,0.5,0.4666666666666670,0.26646734560403600,1,1
32,7100000,0.5,0.4,0.24058675137811800,1,0
42,6225000,0.5,0.4,0.18592917873493400,1,0
22,5450000,0.5833333333333330,0.4666666666666670,0.24684667850135500,1,1
42,32000000,0.5833333333333330,0.4666666666666670,0.5223301877978140,1,1
51,12350000,0.5833333333333330,0.4,0.32304026908343500,1,0
51,21000000,0.5833333333333330,0.4666666666666670,0.6201065121928430,1,0
5420,460000,0.3333333333333330,0.13333333333333300,0.06955993646641130,0,0
22,330000,0.16666666666666700,0.06666666666666670,0.04503410258805940,1,0
5280,280000,0.16666666666666700,0.13333333333333300,0.04746332803886760,0,0
5620,359000,0.25,0.13333333333333300,0.04961225824535180,0,0
5220,275000,0.16666666666666700,0.13333333333333300,0.052648790058862,0,0
4320,390000,0.25,0.13333333333333300,0.05587218536858830,0,0
5460,450000,0.25,0.13333333333333300,0.05596561711669630,0,0
4320,425000,0.25,0.13333333333333300,0.05605904886480430,0,0
5420,391500,0.25,0.13333333333333300,0.05685321872372230,0,0
5420,465000,0.25,0.06666666666666670,0.05722694571615440,0,0
4220,445000,0.25,0.13333333333333300,0.05764738858264040,0,0
5410,398750,0.25,0.13333333333333300,0.0579276838269644,0,0
4330,420000,0.25,0.13333333333333300,0.0591890124264225,0,1
5280,319000,0.25,0.13333333333333300,0.05960945529290850,0,0
5630,399000,0.25,0.13333333333333300,0.05960945529290850,0,0
5630,400000,0.25,0.13333333333333300,0.05960945529290850,0,0
4330,379900,0.25,0.13333333333333300,0.06073063627020460,0,0
4330,400000,0.25,0.13333333333333300,0.06073063627020460,0,0
5420,405000,0.25,0.13333333333333300,0.06138465850696070,0,0
5620,427000,0.25,0.13333333333333300,0.06138465850696070,0,0
5620,400000,0.25,0.13333333333333300,0.06292628235074280,0,0
6312,400000,0.25,0.13333333333333300,0.06292628235074280,0,0
5420,525000,0.25,0.13333333333333300,0.06297299822479680,0,0
5620,410000,0.25,0.13333333333333300,0.0632065775950668,0,0
4320,412000,0.25,0.13333333333333300,0.06334672521722880,0,0
4320,419000,0.25,0.13333333333333300,0.06334672521722880,0,0
4320,440000,0.25,0.13333333333333300,0.06334672521722880,0,0
5610,545000,0.25,0.13333333333333300,0.06362702046155280,0,0
5620,400000,0.25,0.13333333333333300,0.06456133794263290,0,0
5640,430000,0.25,0.13333333333333300,0.06479491731290290,0,0
5640,430000,0.25,0.13333333333333300,0.06479491731290290,0,0
4420,435314,0.25,0.13333333333333300,0.06521536017938900,0,0
5230,135000,0.25,0.13333333333333300,0.06540222367560500,0,0
5620,415000,0.25,0.13333333333333300,0.06652340465290110,0,0
5460,485000,0.25,0.13333333333333300,0.06689713164533310,0,0
5460,485000,0.25,0.13333333333333300,0.06689713164533310,0,0
5620,500000,0.25,0.13333333333333300,0.06689713164533310,0,0
5420,417000,0.25,0.13333333333333300,0.06759786975614310,0,0
5420,410000,0.25,0.13333333333333300,0.06923292534803330,0,0
4470,625000,0.25,0.13333333333333300,0.06932635709614130,0,0
5420,415000,0.25,0.2,0.06951322059235730,0,0
4470,655000,0.3333333333333330,0.13333333333333300,0.0697467999626273,0,0
4460,750000,0.25,0.13333333333333300,0.07030739045127540,1,0
4480,640000,0.25,0.2,0.07054096982154540,0,0
4320,459000,0.25,0.13333333333333300,0.07124170793235540,0,0
5420,485000,0.3333333333333330,0.13333333333333300,0.07161543492478750,0,0
4330,420000,0.25,0.13333333333333300,0.07184901429505750,0,0
5430,532500,0.25,0.13333333333333300,0.07278333177613750,0,0
4480,811000,0.25,0.13333333333333300,0.07334392226478560,0,0
5640,470000,0.3333333333333330,0.13333333333333300,0.07423152387181160,0,0
5620,484000,0.25,0.13333333333333300,0.07437167149397370,0,0
5640,445000,0.25,0.13333333333333300,0.07460525086424370,0,0
4420,489794,0.25,0.13333333333333300,0.07525927310099970,0,0
4420,489900,0.25,0.13333333333333300,0.07525927310099970,0,0
4420,539616,0.25,0.13333333333333300,0.07525927310099970,0,0
5280,409000,0.4166666666666670,0.13333333333333300,0.07661403344856580,0,0
5280,415000,0.4166666666666670,0.13333333333333300,0.07661403344856580,0,0
5280,414000,0.4166666666666670,0.13333333333333300,0.07661403344856580,0,0
5280,419000,0.4166666666666670,0.13333333333333300,0.07661403344856580,0,0
5420,380000,0.4166666666666670,0.13333333333333300,0.07661403344856580,0,0
3212,915000,0.25,0.13333333333333300,0.07698776044099790,1,0
5280,382194,0.4166666666666670,0.13333333333333300,0.07712790806315990,0,0
5280,420000,0.3333333333333330,0.13333333333333300,0.07736148743342990,0,0
5420,900000,0.25,0.13333333333333300,0.07829580491451000,1,0
5420,445000,0.4166666666666670,0.13333333333333300,0.07876296365505000,0,0
60,481000,0.25,0.13333333333333300,0.07965056526207610,0,0
3010,850000,0.3333333333333330,0.2,0.07969728113613010,1,0
5420,450000,0.25,0.13333333333333300,0.07993086050640010,0,0
5002,5275000,0.25,0.13333333333333300,0.08240680183126230,0,0
5420,395000,0.4166666666666670,0.13333333333333300,0.08296739231991030,0,0
5420,460000,0.4166666666666670,0.13333333333333300,0.08296739231991030,0,0
4350,615000,0.3333333333333330,0.13333333333333300,0.08329440343828830,0,0
5280,395000,0.3333333333333330,0.13333333333333300,0.08348126693450440,0,0
60,540000,0.3333333333333330,0.13333333333333300,0.08362141455666640,0,0
60,540000,0.3333333333333330,0.13333333333333300,0.08362141455666640,0,0
5790,664615,0.3333333333333330,0.13333333333333300,0.08408857329720640,0,0
60,518000,0.3333333333333330,0.2,0.08483602728207040,0,0
5600,900000,0.25,0.13333333333333300,0.08623750350369060,0,0
4350,400000,0.25,0.13333333333333300,0.0882462860880127,0,0
4340,499000,0.3333333333333330,0.13333333333333300,0.09156311314584700,0,0
5270,679900,0.25,0.13333333333333300,0.09249743062692700,0,0
5620,550000,0.25,0.13333333333333300,0.09422591796692520,0,0
5410,1000000,0.25,0.2,0.09459964495935720,1,1
5410,1260000,0.25,0.2,0.09459964495935720,1,1
5410,722000,0.3333333333333330,0.2,0.09478650845557320,0,0
5420,525000,0.25,0.2,0.09553396244043730,0,0
5420,515000,0.3333333333333330,0.2,0.09553396244043730,0,0
5410,815000,0.25,0.13333333333333300,0.09623470055124730,0,1
5600,1170000,0.3333333333333330,0.2,0.09941137998691960,1,0
5430,1887500,0.3333333333333330,0.2,0.1000186863496220,1,0
4480,1066857,0.3333333333333330,0.2,0.10146687844529600,1,0
60,780000,0.3333333333333330,0.26666666666666700,0.10184060543772800,0,0
3341,1800000,0.25,0.13333333333333300,0.10370924039988800,1,1
4220,1890000,0.25,0.2,0.10473698962907600,1,0
3020,1045000,0.25,0.13333333333333300,0.10539101186583200,0,0
3020,1099000,0.25,0.13333333333333300,0.10539101186583200,0,0
3020,1175000,0.25,0.13333333333333300,0.10539101186583200,0,0
5440,1775000,0.3333333333333330,0.2,0.10777352144258600,1,0
5440,2425000,0.3333333333333330,0.2,0.10777352144258600,1,0
4260,1150000,0.25,0.2,0.11104363262636600,1,0
60,599000,0.3333333333333330,0.13333333333333300,0.1119312342333930,0,0
5430,2175000,0.3333333333333330,0.26666666666666700,0.11230496122582500,1,0
3380,1525000,0.25,0.13333333333333300,0.1130991310847430,1,0
5440,2250000,0.3333333333333330,0.2,0.1131458469587970,1,0
4460,2550000,0.25,0.13333333333333300,0.11431374381014700,1,0
5240,2000000,0.3333333333333330,0.2,0.11431374381014700,1,0
3380,1900000,0.25,0.2,0.1144538914323090,1,0
3370,1800000,0.25,0.2,0.11552835653555100,1,0
3341,1640000,0.3333333333333330,0.13333333333333300,0.11608894702419900,1,1
4360,2850000,0.3333333333333330,0.2,0.11664953751284700,1,0
5240,1724500,0.25,0.2,0.11678968513500900,1,0
4460,2200000,0.25,0.13333333333333300,0.11912547883770900,1,0
60,840000,0.3333333333333330,0.2,0.11912547883770900,0,0
60,860000,0.3333333333333330,0.2,0.11912547883770900,0,0
5410,889000,0.25,0.2,0.11935905820797900,0,0
60,615000,0.3333333333333330,0.26666666666666700,0.11940577408203300,0,0
60,645000,0.3333333333333330,0.2,0.11940577408203300,0,0
60,652000,0.3333333333333330,0.26666666666666700,0.11940577408203300,0,0
60,642000,0.3333333333333330,0.2,0.11940577408203300,0,0
60,668000,0.3333333333333330,0.2,0.11940577408203300,0,0
4180,1650000,0.3333333333333330,0.26666666666666700,0.11954592170419500,1,0
4180,1675000,0.3333333333333330,0.2,0.11954592170419500,1,0
4180,1650000,0.3333333333333330,0.26666666666666700,0.11954592170419500,1,0
60,640000,0.3333333333333330,0.2,0.12034009156311300,0,0
3600,2350000,0.3333333333333330,0.2,0.12090068205176100,1,0
3370,2595000,0.25,0.2,0.12155470428851700,1,1
4110,2234625,0.3333333333333330,0.2,0.12183499953284100,1,0
5600,1600000,0.3333333333333330,0.2,0.1224890217695970,1,0
4460,1900000,0.3333333333333330,0.2,0.12276931701392100,1,0
32,3000000,0.4166666666666670,0.26666666666666700,0.1248715313463520,1,0
5240,2150000,0.3333333333333330,0.2,0.12575913295337800,1,0
5100,13250000,0.4166666666666670,0.3333333333333330,0.12944968700364400,1,1
4360,2695000,0.3333333333333330,0.26666666666666700,0.12977669812202200,1,0
4350,1200000,0.25,0.2,0.13080444735121000,1,0
4350,1275000,0.25,0.2,0.13080444735121000,1,0
3240,2800000,0.3333333333333330,0.26666666666666700,0.13080444735121000,1,1
4350,2175000,0.3333333333333330,0.2,0.13122489021769600,1,1
4460,3155500,0.25,0.2,0.13337382042418000,1,0
60,640000,0.3333333333333330,0.13333333333333300,0.1340745585349900,0,1
60,755000,0.3333333333333330,0.13333333333333300,0.1340745585349900,1,1
32,2875000,0.3333333333333330,0.26666666666666700,0.1354293188825560,1,0
32,4050000,0.3333333333333330,0.2,0.13575633000093400,1,0
60,680000,0.3333333333333330,0.13333333333333300,0.1358497617490420,0,0
3212,3400000,0.25,0.2,0.13743810146687800,1,1
4220,2600000,0.3333333333333330,0.26666666666666700,0.13748481734093200,1,1
3260,3500000,0.3333333333333330,0.26666666666666700,0.14014762216201100,1,1
22,3009141,0.3333333333333330,0.3333333333333330,0.14019433803606500,1,0
4460,3000000,0.3333333333333330,0.2,0.1407082126506590,1,0
4360,2725000,0.3333333333333330,0.2,0.1408016443987670,1,0
3341,2325000,0.3333333333333330,0.13333333333333300,0.1423899841166030,1,1
5440,3200000,0.3333333333333330,0.3333333333333330,0.14664112865551700,1,0
4460,3181009,0.4166666666666670,0.26666666666666700,0.1471082873960570,1,0
3280,1900000,0.3333333333333330,0.26666666666666700,0.14729515089227300,1,0
4220,2500000,0.4166666666666670,0.26666666666666700,0.1487433429879470,1,0
4260,2500000,0.4166666666666670,0.3333333333333330,0.14949079697281100,1,0
4370,2947500,0.3333333333333330,0.3333333333333330,0.15037839857983700,1,0
4180,1679000,0.3333333333333330,0.26666666666666700,0.15098570494253900,1,0
4180,1690000,0.3333333333333330,0.26666666666666700,0.15098570494253900,1,0
4180,1690000,0.3333333333333330,0.26666666666666700,0.15098570494253900,1,0
4180,1695000,0.3333333333333330,0.26666666666666700,0.15098570494253900,1,0
4180,2080000,0.3333333333333330,0.26666666666666700,0.15098570494253900,1,0
4180,1950000,0.4166666666666670,0.26666666666666700,0.15098570494253900,1,0
4220,2800000,0.3333333333333330,0.2,0.15173315892740400,1,1
5410,1199000,0.3333333333333330,0.26666666666666700,0.1522937494160520,1,1
4460,3300000,0.3333333333333330,0.26666666666666700,0.15243389703821400,1,0
4360,2100000,0.3333333333333330,0.2,0.15346164626740200,1,0
3222,3150000,0.3333333333333330,0.26666666666666700,0.1536017938895640,1,1
3260,3829304,0.3333333333333330,0.3333333333333330,0.15416238437821200,1,1
5440,3590000,0.3333333333333330,0.26666666666666700,0.15416238437821200,1,0
5440,5750000,0.3333333333333330,0.26666666666666700,0.15425581612632000,1,0
3170,7332000,0.3333333333333330,0.2,0.15430253200037400,1,1
4360,3800000,0.3333333333333330,0.2,0.15467625899280600,1,0
32,9250000,0.4166666666666670,0.4,0.1553769971036160,1,1
4180,2200000,0.3333333333333330,0.26666666666666700,0.15584415584415600,1,0
4180,2200000,0.3333333333333330,0.26666666666666700,0.15584415584415600,1,0
32,5000000,0.3333333333333330,0.2,0.1566383257030740,1,0
,4965000,0.25,0.2,0.15682518919929000,1,0
4360,2650000,0.3333333333333330,0.2,0.15682518919929000,1,0
4220,2650000,0.4166666666666670,0.26666666666666700,0.15743249556199200,1,0
4360,2600000,0.4166666666666670,0.3333333333333330,0.15817994954685600,1,0
4370,2445000,0.4166666666666670,0.26666666666666700,0.1591142670279360,1,0
3380,2200000,0.3333333333333330,0.26666666666666700,0.15995515276090800,1,0
32,5400000,0.3333333333333330,0.26666666666666700,0.16074932261982600,1,0
5440,6500000,0.3333333333333330,0.26666666666666700,0.16079603849388000,1,0
3280,2900000,0.4166666666666670,0.3333333333333330,0.16121648136036600,1,0
3280,5495000,0.3333333333333330,0.26666666666666700,0.16350555918901200,1,1
5001,10500000,0.3333333333333330,0.26666666666666700,0.16406614967766000,1,0
4360,2550000,0.3333333333333330,0.3333333333333330,0.1643464449219850,1,0
4360,2730000,0.3333333333333330,0.3333333333333330,0.1643464449219850,1,0
5002,12400000,0.3333333333333330,0.26666666666666700,0.16462674016630900,1,0
4460,2601775,0.3333333333333330,0.26666666666666700,0.16528076240306500,1,0
22,5000000,0.4166666666666670,0.3333333333333330,0.16528076240306500,1,1
5100,5244142,0.3333333333333330,0.2,0.1657012052695510,1,1
3222,5425000,0.25,0.2,0.16663552275063100,1,1
32,4900000,0.4166666666666670,0.3333333333333330,0.16850415771279100,1,0
5440,2990100,0.3333333333333330,0.26666666666666700,0.16911146407549300,1,0
3170,3537563,0.25,0.26666666666666700,0.16915817994954700,1,0
4170,5050000,0.3333333333333330,0.26666666666666700,0.16939175931981700,1,0
5440,3600000,0.4166666666666670,0.26666666666666700,0.1695786228160330,1,0
4360,4300000,0.4166666666666670,0.26666666666666700,0.170886667289545,1,0
4220,2799000,0.3333333333333330,0.26666666666666700,0.170980099037653,1,0
4220,2799000,0.3333333333333330,0.26666666666666700,0.170980099037653,1,0
5440,7025000,0.4166666666666670,0.3333333333333330,0.17144725777819300,1,0
5230,4000000,0.3333333333333330,0.26666666666666700,0.17205456414089500,1,1
32,1905000,0.3333333333333330,0.26666666666666700,0.1721947117630570,0,0
4220,2200000,0.3333333333333330,0.26666666666666700,0.1751378118284590,1,0
4220,2599000,0.3333333333333330,0.26666666666666700,0.1751378118284590,1,0
4220,2850000,0.3333333333333330,0.26666666666666700,0.1751378118284590,1,0
4220,2775000,0.3333333333333330,0.26666666666666700,0.1751378118284590,1,0
4220,2850000,0.3333333333333330,0.26666666666666700,0.1751378118284590,1,0
4260,3200000,0.3333333333333330,0.3333333333333330,0.17700644679061900,1,0
32,4775000,0.25,0.2,0.17714659441278100,1,0
5440,3150000,0.3333333333333330,0.3333333333333330,0.17789404839764600,1,0
22,4400000,0.5,0.4,0.1789217976268340,1,0
32,6300000,0.3333333333333330,0.26666666666666700,0.1791086611230500,1,0
32,3700000,0.4166666666666670,0.3333333333333330,0.18135102307764200,1,0
5002,13075000,0.3333333333333330,0.26666666666666700,0.18181818181818200,1,0
5440,3500000,0.3333333333333330,0.26666666666666700,0.18228534055872200,1,0
5440,3310800,0.3333333333333330,0.26666666666666700,0.1829860786695320,1,0
32,8250000,0.3333333333333330,0.26666666666666700,0.18326637391385600,1,1
5250,4025000,0.4166666666666670,0.26666666666666700,0.18349995328412600,1,1
32,5940000,0.4166666666666670,0.26666666666666700,0.18504157712790800,1,0
32,6700000,0.3333333333333330,0.3333333333333330,0.18606932635709600,1,0
12,5000000,0.4166666666666670,0.26666666666666700,0.18887227880033600,1,0
41,5000000,0.4166666666666670,0.3333333333333330,0.18919928991871400,1,0
4220,4900000,0.3333333333333330,0.26666666666666700,0.19046061851817200,1,0
3600,5000000,0.4166666666666670,0.3333333333333330,0.19162851536952300,1,1
32,2450000,0.5,0.4,0.19274969634681900,1,0
4350,1685000,0.4166666666666670,0.3333333333333330,0.19293655984303500,1,0
5001,13490000,0.25,0.26666666666666700,0.19443146781276300,1,0
4260,3795000,0.3333333333333330,0.26666666666666700,0.1959730916565450,1,0
32,6100000,0.5,0.4,0.1962066710268150,1,0
4160,4295000,0.4166666666666670,0.3333333333333330,0.19653368214519300,1,0
5002,14350000,0.3333333333333330,0.4,0.19662711389330100,1,0
32,3525000,0.5,0.26666666666666700,0.19667382976735500,1,0
4220,4800000,0.3333333333333330,0.26666666666666700,0.197561431374381,1,0
4260,4120000,0.4166666666666670,0.3333333333333330,0.197561431374381,1,0
3600,4279000,0.3333333333333330,0.3333333333333330,0.19807530598897500,1,1
3600,4250000,0.4166666666666670,0.4,0.19816873773708300,1,0
4160,3000000,0.5,0.4,0.19914977109221700,1,0
4120,4600000,0.3333333333333330,0.26666666666666700,0.19919648696627100,1,0
3260,2850000,0.4166666666666670,0.3333333333333330,0.2000840885732970,1,0
22,2900000,0.3333333333333330,0.26666666666666700,0.20041109969167500,1,0
4160,3402925,0.5,0.4,0.20041109969167500,1,0
4460,3999000,0.4166666666666670,0.3333333333333330,0.20120526955059300,1,0
4460,4679683,0.4166666666666670,0.26666666666666700,0.20176586003924100,1,0
5410,3350000,0.3333333333333330,0.2,0.2026534616462670,1,1
5004,12500000,0.3333333333333330,0.26666666666666700,0.20298047276464500,1,1
4160,4000000,0.3333333333333330,0.3333333333333330,0.20321405213491500,1,0
4460,3700000,0.5,0.3333333333333330,0.20344763150518500,1,1
3260,4800000,0.3333333333333330,0.26666666666666700,0.20349434737923900,1,1
3222,2250000,0.4166666666666670,0.26666666666666700,0.20419508549005000,1,0
5100,7450000,0.3333333333333330,0.3333333333333330,0.20428851723815800,1,1
5440,3700000,0.4166666666666670,0.3333333333333330,0.2078856395403160,1,0
41,3250000,0.4166666666666670,0.4,0.2079323554143700,0,0
4260,4250000,0.4166666666666670,0.3333333333333330,0.2080257871624780,1,0
3221,3850000,0.4166666666666670,0.3333333333333330,0.20811921891058600,1,1
4460,5999999,0.4166666666666670,0.26666666666666700,0.20825936653274800,1,1
5001,16900000,0.4166666666666670,0.3333333333333330,0.20867980939923400,0,0
4260,4300000,0.4166666666666670,0.4,0.20956741100626000,1,0
,8325000,0.0,0.0,0.20994113799869200,1,1
3280,3249000,0.3333333333333330,0.3333333333333330,0.21022143324301600,1,0
5250,4900000,0.3333333333333330,0.4,0.21022143324301600,1,0
3260,4200000,0.4166666666666670,0.4,0.21026814911707000,1,0
4180,6500000,0.3333333333333330,0.26666666666666700,0.21068859198355600,1,1
4180,4700000,0.4166666666666670,0.3333333333333330,0.21092217135382600,1,1
3600,4820000,0.4166666666666670,0.3333333333333330,0.21096888722788000,1,0
3040,4895000,0.5,0.4666666666666670,0.21143604596842000,1,1
5250,5500000,0.3333333333333330,0.3333333333333330,0.2118564888349060,1,1
4140,6550000,0.3333333333333330,0.3333333333333330,0.21283752219004000,1,0
4140,7675000,0.4166666666666670,0.3333333333333330,0.21283752219004000,1,0
42,6800000,0.5833333333333330,0.4666666666666670,0.2132579650565260,1,0
4180,4550000,0.4166666666666670,0.3333333333333330,0.21395870316733600,1,1
4220,3750000,0.3333333333333330,0.2,0.21559375875922600,1,0
5440,6318000,0.4166666666666670,0.4666666666666670,0.2157339063813880,1,0
5230,5650000,0.4166666666666670,0.3333333333333330,0.21811641595814300,1,1
32,7200000,0.4166666666666670,0.4,0.2186302905727370,1,0
3221,3875000,0.4166666666666670,0.4666666666666670,0.21909744931327700,1,1
5230,7650000,0.4166666666666670,0.3333333333333330,0.21942446043165500,1,1
5250,4778000,0.4166666666666670,0.26666666666666700,0.22073250490516700,1,1
32,3300000,0.3333333333333330,0.2,0.22171353826030100,0,0
4260,4750000,0.3333333333333330,0.4,0.22180697000840900,1,0
4140,5300000,0.3333333333333330,0.26666666666666700,0.2224142763711110,1,0
4140,5225000,0.3333333333333330,0.26666666666666700,0.2224142763711110,1,0
4260,4950000,0.3333333333333330,0.26666666666666700,0.22423619545921700,1,0
3221,3680000,0.4166666666666670,0.4,0.2248902176959730,1,1
5440,9375000,0.4166666666666670,0.3333333333333330,0.2250770811921890,1,0
4260,4200000,0.4166666666666670,0.3333333333333330,0.22554423993272900,1,0
4180,4990000,0.4166666666666670,0.4,0.22624497804353900,1,1
4170,4000000,0.4166666666666670,0.3333333333333330,0.22666542091002500,1,0
4170,3649000,0.4166666666666670,0.4,0.22727272727272700,1,0
5250,2575000,0.3333333333333330,0.3333333333333330,0.22853405587218500,1,1
42,17200000,0.5,0.4,0.2287209193684010,1,1
4260,5600000,0.4166666666666670,0.4,0.2289077828646170,1,0
5440,5897500,0.4166666666666670,0.3333333333333330,0.22923479398299500,1,0
4260,5050000,0.4166666666666670,0.3333333333333330,0.22993553209380500,1,0
4180,5400000,0.5,0.4,0.2300289638419140,1,1
4260,4875000,0.4166666666666670,0.3333333333333330,0.2302158273381300,1,0
5240,1950000,0.4166666666666670,0.3333333333333330,0.2312435765673180,1,1
4460,4800000,0.4166666666666670,0.3333333333333330,0.2325516210408300,1,0
4180,4200000,0.4166666666666670,0.26666666666666700,0.23343922264785600,1,1
4180,5282000,0.4166666666666670,0.3333333333333330,0.2341399607586660,1,1
4180,5600000,0.4166666666666670,0.4,0.23512099411380000,1,1
4260,4325000,0.4166666666666670,0.4,0.23600859572082600,1,0
4260,5400000,0.5,0.4,0.23619545921704200,1,0
4160,4200000,0.4166666666666670,0.3333333333333330,0.23717649257217600,1,0
3221,5720000,0.4166666666666670,0.3333333333333330,0.23764365131271600,1,1
3221,5500000,0.5,0.3333333333333330,0.23848453704568800,1,1
4460,5404313,0.5,0.4666666666666670,0.23983929739325400,1,0
32,10750000,0.5,0.4,0.2406334672521720,1,0
32,22500000,0.4166666666666670,0.4666666666666670,0.24128748948892800,1,1
4120,5700000,0.4166666666666670,0.3333333333333330,0.24152106885919800,1,0
4260,4745000,0.3333333333333330,0.26666666666666700,0.24180136410352200,1,0
32,8700000,0.4166666666666670,0.4,0.24292254508081800,1,0
5100,8400000,0.3333333333333330,0.26666666666666700,0.24315612445108800,1,0
5100,8400000,0.3333333333333330,0.26666666666666700,0.24315612445108800,1,0
5100,8700000,0.3333333333333330,0.3333333333333330,0.24315612445108800,1,0
5100,10300000,0.4166666666666670,0.3333333333333330,0.24712697374567900,1,1
32,14500000,0.5,0.4,0.2472204054937870,1,1
32,16700000,0.5,0.4,0.2472204054937870,1,1
4180,3995000,0.4166666666666670,0.4,0.2473605531159490,1,1
4180,4300000,0.4166666666666670,0.3333333333333330,0.2475941324862190,1,1
3260,7000000,0.4166666666666670,0.3333333333333330,0.24960291507054100,1,1
41,1634000,0.4166666666666670,0.4,0.249836494440811,1,0
5440,2891133,0.4166666666666670,0.3333333333333330,0.250303653181351,1,0
3280,10310000,0.5,0.4666666666666670,0.25058394842567500,1,1
42,8130000,0.4166666666666670,0.4,0.25081752779594500,1,0
5440,12500000,0.3333333333333330,0.3333333333333330,0.2529197421283750,1,1
5440,16588640,0.3333333333333330,0.26666666666666700,0.2533401849948610,1,1
5002,11500000,0.5833333333333330,0.4666666666666670,0.25469494534242700,1,0
5220,3500000,0.4166666666666670,0.2,0.25506867233485900,1,1
3221,5175000,0.4166666666666670,0.4666666666666670,0.2552555358310750,1,1
22,7500000,0.5833333333333330,0.4,0.25749789778566800,1,0
5240,5600000,0.3333333333333330,0.3333333333333330,0.2576380454078300,1,1
5060,9750000,0.4166666666666670,0.3333333333333330,0.2578249089040460,1,1
4260,4500000,0.4166666666666670,0.4,0.2581519200224240,1,0
5250,6318663,0.4166666666666670,0.3333333333333330,0.25833878351864000,1,1
5250,7000000,0.4166666666666670,0.3333333333333330,0.25833878351864000,1,1
50,3100000,0.4166666666666670,0.3333333333333330,0.25927310099972000,1,0
4140,6250000,0.4166666666666670,0.3333333333333330,0.2596468279921520,1,0
32,13000000,0.5,0.4,0.2616088947024200,1,1
3150,5600000,0.4166666666666670,0.3333333333333330,0.2619826216948520,1,1
32,13065000,0.5,0.4666666666666670,0.26277679155377,1,1
5230,15600000,0.3333333333333330,0.26666666666666700,0.263057086798094,1,1
4230,6600000,0.5,0.4,0.26501915350836200,1,1
4180,6625000,0.4166666666666670,0.4666666666666670,0.26534616462674000,1,1
4260,5300000,0.4166666666666670,0.4666666666666670,0.2654863122489020,1,0
32,14000000,0.3333333333333330,0.26666666666666700,0.2665607773521440,1,1
3211,4937259,0.4166666666666670,0.3333333333333330,0.26758852658133200,1,1
3260,7625000,0.5,0.4,0.2709520695132210,1,1
32,3200000,0.5833333333333330,0.5333333333333330,0.27310099971970500,1,0
5100,11400000,0.4166666666666670,0.3333333333333330,0.2733812949640290,1,1
3280,10500000,0.5,0.4666666666666670,0.276838269644025,1,1
3280,9500000,0.5,0.4,0.27950107446510300,1,1
4140,8762500,0.4166666666666670,0.3333333333333330,0.28104269830888500,1,0
4110,11995000,0.5,0.4,0.2816032887975330,1,1
4130,31499000,0.5,0.4,0.2857610015883400,1,1
22,5050000,0.5,0.3333333333333330,0.2883770905353640,1,1
5002,16500000,0.4166666666666670,0.4,0.28884424927590400,0,0
22,14250000,0.5833333333333330,0.4666666666666670,0.28893768102401200,1,1
3222,8495000,0.4166666666666670,0.3333333333333330,0.2909931794823880,1,1
4140,7795000,0.4166666666666670,0.3333333333333330,0.29501074465103200,1,1
3260,4125000,0.5,0.4,0.29524432402130200,1,1
4110,11100000,0.4166666666666670,0.4,0.29594506213211200,1,1
3280,5800000,0.4166666666666670,0.3333333333333330,0.29655236849481500,1,0
3211,4937259,0.4166666666666670,0.3333333333333330,0.2971596748575170,1,1
5100,12750000,0.4166666666666670,0.4,0.29921517331589300,1,1
5100,12750000,0.4166666666666670,0.4,0.29921517331589300,1,1
5100,12250000,0.4166666666666670,0.4,0.3015509670185930,1,1
32,9000000,0.5833333333333330,0.4666666666666670,0.303232738484537,1,0
5100,6550000,0.4166666666666670,0.4,0.3036531813510230,1,1
5100,13250000,0.4166666666666670,0.3333333333333330,0.3045874988321030,1,1
4110,7325000,0.5,0.4666666666666670,0.3045874988321030,1,1
3030,7225000,0.5,0.4666666666666670,0.30477436232831900,1,1
12,8650000,0.6666666666666670,0.5333333333333330,0.3050079416985890,1,0
4180,5600000,0.5,0.4,0.3082313370083150,1,1
5230,5300000,0.4166666666666670,0.4,0.3097262449780440,0,1
5230,5300000,0.4166666666666670,0.4,0.3097262449780440,0,1
4190,10500000,0.4166666666666670,0.3333333333333330,0.31005325609642200,1,0
4170,7750000,0.4166666666666670,0.3333333333333330,0.3105204148369620,1,0
4110,13903000,0.5,0.4666666666666670,0.3117350275623660,1,1
3280,11750000,0.4166666666666670,0.3333333333333330,0.3121554704288520,1,1
5100,7500000,0.3333333333333330,0.26666666666666700,0.3133700831542560,1,1
12,15075000,0.5833333333333330,0.4666666666666670,0.31393067364290400,1,1
4140,8355285,0.4166666666666670,0.3333333333333330,0.3140241053910120,1,1
41,14000000,0.5,0.4,0.3147248435018220,1,1
4190,6375000,0.4166666666666670,0.3333333333333330,0.3171073530785760,1,0
3280,3550000,0.5,0.3333333333333330,0.3171073530785760,1,1
4170,8150000,0.4166666666666670,0.4,0.3180883864337100,1,0
32,16798750,0.5,0.4,0.32696440250397100,1,1
32,16000000,0.5,0.4666666666666670,0.3270111183780250,1,1
3280,12750000,0.5,0.4,0.32850602634775300,1,1
5240,8000000,0.5,0.4666666666666670,0.3296272073250490,1,1
4180,11165275,0.4166666666666670,0.4,0.3305615248061290,1,1
3130,8668553,0.5833333333333330,0.4,0.3316827057834250,1,1
4170,14750000,0.4166666666666670,0.4,0.33869008689152600,1,1
5030,21400000,0.4166666666666670,0.4,0.33869008689152600,1,1
4140,13105000,0.4166666666666670,0.4,0.3391572456320660,1,1
4150,18762500,0.4166666666666670,0.4,0.34111931234233400,1,1
3211,5700000,0.6666666666666670,0.4666666666666670,0.34803326170232600,1,1
4160,12000000,0.5,0.4,0.35046248715313500,1,1
4190,12500000,0.5,0.5333333333333330,0.3514435205082690,1,0
3260,6900000,0.5,0.4,0.3527048491077270,1,1
5230,9949999,0.5,0.4666666666666670,0.35293842847799700,1,1
4170,15000000,0.4166666666666670,0.4,0.355134074558535,1,1
51,9062600,0.5833333333333330,0.4666666666666670,0.35555451742502100,1,0
12,11950000,0.5,0.4666666666666670,0.3577034476315050,1,0
3222,12000000,0.4166666666666670,0.3333333333333330,0.3608801270671770,1,1
5100,9850000,0.4166666666666670,0.4,0.3628421937774460,1,1
5100,9850000,0.4166666666666670,0.4,0.3628421937774460,1,1
32,32500000,0.5833333333333330,0.4666666666666670,0.36522470335420000,1,1
3170,16900000,0.5,0.4666666666666670,0.36760721293095400,1,1
3280,10900000,0.4166666666666670,0.4666666666666670,0.37232551621040800,1,1
5250,7700000,0.5833333333333330,0.4666666666666670,0.37419415117256800,1,1
4190,19500000,0.4166666666666670,0.4,0.37461459403905400,1,1
22,12000000,0.5,0.5333333333333330,0.3830701672428290,1,1
22,21950000,0.6666666666666670,0.6,0.3838176212276930,1,1
32,17750000,0.5,0.4,0.3840979164720170,1,1
32,23900000,0.5,0.4,0.38503223395309700,1,1
5100,17750000,0.4166666666666670,0.3333333333333330,0.38634027842660900,1,1
5003,26663000,0.4166666666666670,0.4666666666666670,0.3886293562552560,1,1
4190,15000000,0.5,0.5333333333333330,0.3896571054844440,1,1
4190,16150000,0.4166666666666670,0.3333333333333330,0.3897972531066060,1,0
22,18000000,0.5,0.5333333333333330,0.39932729141362200,1,1
4190,16850000,0.5,0.4666666666666670,0.40068205176118800,1,0
5003,21800000,0.4166666666666670,0.4,0.40745585349901900,1,0
3040,8850000,0.5,0.4,0.4123143044006350,1,1
4190,26500000,0.5,0.4666666666666670,0.41675231243576600,1,1
4180,14300000,0.5833333333333330,0.5333333333333330,0.4194151172568440,1,1
4150,30000000,0.5833333333333330,0.6,0.42296552368494800,1,1
3170,30000000,0.5,0.4666666666666670,0.44151172568438800,1,1
4190,16390652,0.5,0.4666666666666670,0.4420256002989820,1,0
4190,28450000,0.5,0.4666666666666670,0.4527702513314020,1,1
4170,17944791,0.5,0.5333333333333330,0.4656171166962530,1,1
3280,14752480,0.5,0.3333333333333330,0.48350929645893700,1,1
4190,28000000,0.5,0.4666666666666670,0.49799121741567800,1,1
4190,25924407,0.5,0.5333333333333330,0.5037839857983740,1,1
3160,17000000,0.5,0.5333333333333330,0.5122862748762030,1,1
5001,43770000,0.5833333333333330,0.6,0.5160702606745770,1,0
4190,22600000,0.5,0.5333333333333330,0.5358777912734750,1,1
4140,12675000,0.5,0.5333333333333330,0.5373259833691490,1,0
3260,29672500,0.4166666666666670,0.4666666666666670,0.5462487153134640,1,1
3160,40000000,0.5833333333333330,0.4666666666666670,0.591749976642063,1,1
32,62500000,0.5833333333333330,0.6666666666666670,0.5982901990096230,1,1
3112,19241500,0.5,0.4666666666666670,0.6031953657852940,1,1
42,40000000,0.6666666666666670,0.6,0.697467999626273,1,1
4110,32500000,1.0,0.8666666666666670,0.7390918434083900,1,1
5003,152000000,0.9166666666666670,1.0,1.0,1,1